case	run	before	after	native_dwg	native_dxf	decoded_or_error	decode_status
BASEOFF	pilot	pilot/captures/BASEOFF-024-export.png	pilot/captures/BASEOFF-024-export.png	pilot/drawings/BASEOFF.dwg	pilot/drawings/BASEOFF.dxf	pilot/drawings/BASEOFF.decoded.txt	DWG parsed
CLDONE	pilot	pilot/captures/CLDONE-019-probe.png	pilot/captures/CLDONE-021-probe.png	pilot/drawings/CLDONE.dwg	pilot/drawings/CLDONE.dxf	pilot/drawings/CLDONE.decoded.txt	DWG parsed
CSELECT	pilot	pilot/captures/CSELECT-034-probe.png	pilot/captures/CSELECT-036-probe.png	pilot/drawings/CSELECT.dwg	pilot/drawings/CSELECT.dxf	pilot/drawings/CSELECT.decoded.txt	DWG parsed
GOIDLE	pilot	pilot/captures/GOIDLE-017-probe.png	pilot/captures/GOIDLE-019-probe.png	pilot/drawings/GOIDLE.dwg	pilot/drawings/GOIDLE.dxf	pilot/drawings/GOIDLE.decoded.txt	DWG parsed
OCIDLE	pilot	pilot/captures/OCIDLE-025-probe.png	pilot/captures/OCIDLE-027-probe.png	pilot/drawings/OCIDLE.dwg	pilot/drawings/OCIDLE.dxf	pilot/drawings/OCIDLE.decoded.txt	DWG parsed
RETURN	pilot	pilot/captures/RETURN-011-probe.png	pilot/captures/RETURN-014-probe.png	pilot/drawings/RETURN.dwg	pilot/drawings/RETURN.dxf	pilot/drawings/RETURN.decoded.txt	DWG parsed
SCIDLE	pilot	pilot/captures/SCIDLE-025-probe.png	pilot/captures/SCIDLE-027-probe.png	pilot/drawings/SCIDLE.dwg	pilot/drawings/SCIDLE.dxf	pilot/drawings/SCIDLE.decoded.txt	DWG parsed
SEMICOL	pilot	pilot/captures/SEMICOL-011-probe.png	pilot/captures/SEMICOL-014-probe.png	pilot/drawings/SEMICOL.dwg	pilot/drawings/SEMICOL.dxf	pilot/drawings/SEMICOL.decoded.txt	DWG parsed
SLINE	pilot	pilot/captures/SLINE-029-probe.png	pilot/captures/SLINE-031-probe.png	pilot/drawings/SLINE.dwg	pilot/drawings/SLINE.dxf	pilot/drawings/SLINE.decoded.txt	DWG parsed
BLANK1	go	go/captures/BLANK1-018-probe.png	go/captures/BLANK1-020-probe.png	go/drawings/BLANK1.dwg	go/drawings/BLANK1.dxf	go/drawings/BLANK1.decoded.txt	DWG parsed
BLANK2	go	go/captures/BLANK2-023-probe.png	go/captures/BLANK2-025-probe.png	go/drawings/BLANK2.dwg	go/drawings/BLANK2.dxf	go/drawings/BLANK2.decoded.txt	DWG parsed
GOFIRST	go	go/captures/GOFIRST-015-probe.png	go/captures/GOFIRST-017-probe.png	go/drawings/GOFIRST.dwg	go/drawings/GOFIRST.dxf	go/drawings/GOFIRST.decoded.txt	DWG parsed
GOFRESH	go	go/captures/GOFRESH-011-probe.png	go/captures/GOFRESH-013-probe.png	go/drawings/GOFRESH.dwg	go/drawings/GOFRESH.dxf	go/drawings/GOFRESH.decoded.txt	DWG parsed
GOHIST	go	go/captures/GOHIST-019-probe.png	go/captures/GOHIST-021-probe.png	go/drawings/GOHIST.dwg	go/drawings/GOHIST.dxf	go/drawings/GOHIST.decoded.txt	DWG parsed
GONEXT	go	go/captures/GONEXT-017-probe.png	go/captures/GONEXT-019-probe.png	go/drawings/GONEXT.dwg	go/drawings/GONEXT.dxf	go/drawings/GONEXT.decoded.txt	DWG parsed
GORADIUS	go	go/captures/GORADIUS-017-probe.png	go/captures/GORADIUS-019-probe.png	go/drawings/GORADIUS.dwg	go/drawings/GORADIUS.dxf	go/drawings/GORADIUS.decoded.txt	DWG parsed
GOSELECT	go	go/captures/GOSELECT-023-probe.png	go/captures/GOSELECT-025-probe.png	go/drawings/GOSELECT.dwg	go/drawings/GOSELECT.dxf	go/drawings/GOSELECT.decoded.txt	DWG parsed
RTFRESH	go	go/captures/RTFRESH-007-probe.png	go/captures/RTFRESH-010-probe.png	go/drawings/RTFRESH.dwg	go/drawings/RTFRESH.dxf	go/drawings/RTFRESH.decoded.txt	DWG parsed
BLANKHI	buffers	buffers/captures/BLANKHI-024-probe.png	buffers/captures/BLANKHI-026-probe.png	buffers/drawings/BLANKHI.dwg	buffers/drawings/BLANKHI.dxf	buffers/drawings/BLANKHI.decoded.txt	DWG parsed
CSELBASE	buffers	buffers/captures/CSELBASE-032-probe.png	buffers/captures/CSELBASE-033-probe.png	buffers/drawings/CSELBASE.dwg	buffers/drawings/CSELBASE.dxf	buffers/drawings/CSELBASE.decoded.txt	DWG parsed
GOBUFPNT	buffers	buffers/captures/GOBUFPNT-027-probe.png	buffers/captures/GOBUFPNT-029-probe.png	buffers/drawings/GOBUFPNT.dwg	buffers/drawings/GOBUFPNT.dxf	buffers/drawings/GOBUFPNT.decoded.txt	DWG parsed
GOBUFSEL	buffers	buffers/captures/GOBUFSEL-034-probe.png	buffers/captures/GOBUFSEL-036-probe.png	buffers/drawings/GOBUFSEL.dwg	buffers/drawings/GOBUFSEL.dxf	buffers/drawings/GOBUFSEL.decoded.txt	DWG parsed
BASEON	controls	controls/captures/BASEON-032-export.png	controls/captures/BASEON-032-export.png	controls/drawings/BASEON.dwg	controls/drawings/BASEON.dxf	controls/drawings/BASEON.decoded.txt	DWG parsed
CMENU	controls	controls/captures/CMENU-013-probe.png	controls/captures/CMENU-020-probe.png	controls/drawings/CMENU.dwg	controls/drawings/CMENU.dxf	controls/drawings/CMENU.decoded.txt	DWG parsed
FOLINE	controls	controls/captures/FOLINE-029-probe.png	controls/captures/FOLINE-031-probe.png	controls/drawings/FOLINE.dwg	controls/drawings/FOLINE.dxf	controls/drawings/FOLINE.decoded.txt	DWG parsed
FSLINE	controls	controls/captures/FSLINE-029-probe.png	controls/captures/FSLINE-031-probe.png	controls/drawings/FSLINE.dwg	controls/drawings/FSLINE.dxf	controls/drawings/FSLINE.decoded.txt	DWG parsed
M00	controls	controls/captures/M00-029-probe.png	controls/captures/M00-031-probe.png	controls/drawings/M00.dwg	controls/drawings/M00.dxf	controls/drawings/M00.decoded.txt	DWG parsed
M01	controls	controls/captures/M01-034-probe.png	controls/captures/M01-036-probe.png	controls/drawings/M01.dwg	controls/drawings/M01.dxf	controls/drawings/M01.decoded.txt	DWG parsed
M10	controls	controls/captures/M10-034-probe.png	controls/captures/M10-036-probe.png	controls/drawings/M10.dwg	controls/drawings/M10.dxf	controls/drawings/M10.decoded.txt	DWG parsed
M11	controls	controls/captures/M11-039-probe.png	controls/captures/M11-041-probe.png	controls/drawings/M11.dwg	controls/drawings/M11.dxf	controls/drawings/M11.decoded.txt	DWG parsed
OCIRCLE	controls	controls/captures/OCIRCLE-029-probe.png	controls/captures/OCIRCLE-031-probe.png	controls/drawings/OCIRCLE.dwg	controls/drawings/OCIRCLE.dxf	controls/drawings/OCIRCLE.decoded.txt	DWG parsed
OCON	controls	controls/captures/OCON-033-probe.png	controls/captures/OCON-035-probe.png	controls/drawings/OCON.dwg	controls/drawings/OCON.dxf	controls/drawings/OCON.decoded.txt	DWG parsed
OCTWICE	controls	controls/captures/OCTWICE-025-probe.png	controls/captures/OCTWICE-032-probe.png	controls/drawings/OCTWICE.dwg	controls/drawings/OCTWICE.dxf	controls/drawings/OCTWICE.decoded.txt	DWG parsed
SCIRCLE	controls	controls/captures/SCIRCLE-029-probe.png	controls/captures/SCIRCLE-031-probe.png	controls/drawings/SCIRCLE.dwg	controls/drawings/SCIRCLE.dxf	controls/drawings/SCIRCLE.decoded.txt	DWG parsed
SCON	controls	controls/captures/SCON-033-probe.png	controls/captures/SCON-035-probe.png	controls/drawings/SCON.dwg	controls/drawings/SCON.dxf	controls/drawings/SCON.decoded.txt	DWG parsed
SCTWICE	controls	controls/captures/SCTWICE-025-probe.png	controls/captures/SCTWICE-032-probe.png	controls/drawings/SCTWICE.dwg	controls/drawings/SCTWICE.dxf	controls/drawings/SCTWICE.decoded.txt	DWG parsed
TOPROW	controls	controls/captures/TOPROW-011-probe.png	controls/captures/TOPROW-012-probe.png	controls/drawings/TOPROW.dwg	controls/drawings/TOPROW.dxf	controls/drawings/TOPROW.decoded.txt	DWG parsed
MAORTHO	constraints	constraints/captures/MAORTHO-034-probe.png	constraints/captures/MAORTHO-036-probe.png	constraints/drawings/MAORTHO.dwg	constraints/drawings/MAORTHO.dxf	constraints/drawings/MAORTHO.decoded.txt	DWG parsed
MASYM	constraints	constraints/captures/MASYM-050-probe.png	constraints/captures/MASYM-052-probe.png	constraints/drawings/MASYM.dwg	constraints/drawings/MASYM.dxf	constraints/drawings/MASYM.decoded.txt	DWG parsed
CCENTER	cancel	cancel/captures/CCENTER-017-probe.png	cancel/captures/CCENTER-019-probe.png	cancel/drawings/CCENTER.dwg	cancel/drawings/CCENTER.dxf	cancel/drawings/CCENTER.decoded.txt	DWG parsed
CIDLE	cancel	cancel/captures/CIDLE-013-probe.png	cancel/captures/CIDLE-015-probe.png	cancel/drawings/CIDLE.dwg	cancel/drawings/CIDLE.dxf	cancel/drawings/CIDLE.decoded.txt	DWG parsed
CLSEG	cancel	cancel/captures/CLSEG-017-probe.png	cancel/captures/CLSEG-019-probe.png	cancel/drawings/CLSEG.dwg	cancel/drawings/CLSEG.dxf	cancel/drawings/CLSEG.decoded.txt	DWG parsed
CLSTART	cancel	cancel/captures/CLSTART-015-probe.png	cancel/captures/CLSTART-017-probe.png	cancel/drawings/CLSTART.dwg	cancel/drawings/CLSTART.dxf	cancel/drawings/CLSTART.decoded.txt	DWG parsed
CREPEAT	cancel	cancel/captures/CREPEAT-019-probe.png	cancel/captures/CREPEAT-021-probe.png	cancel/drawings/CREPEAT.dwg	cancel/drawings/CREPEAT.dxf	cancel/drawings/CREPEAT.parse-error.txt	DWG parse failed: unmatched REPEAT; flags from native DXF MODE records
CBIDLE	cancel-tail	cancel-tail/captures/CBIDLE-017-probe.png	cancel-tail/captures/CBIDLE-019-probe.png	cancel-tail/drawings/CBIDLE.dwg	cancel-tail/drawings/CBIDLE.dxf	cancel-tail/drawings/CBIDLE.decoded.txt	DWG parsed
CBPOINT	cancel-tail	cancel-tail/captures/CBPOINT-019-probe.png	cancel-tail/captures/CBPOINT-021-probe.png	cancel-tail/drawings/CBPOINT.dwg	cancel-tail/drawings/CBPOINT.dxf	cancel-tail/drawings/CBPOINT.decoded.txt	DWG parsed
CBSELECT	cancel-tail	cancel-tail/captures/CBSELECT-019-probe.png	cancel-tail/captures/CBSELECT-021-probe.png	cancel-tail/drawings/CBSELECT.dwg	cancel-tail/drawings/CBSELECT.dxf	cancel-tail/drawings/CBSELECT.decoded.txt	DWG parsed
CPAGE1	cancel-tail	cancel-tail/captures/CPAGE1-020-probe.png	cancel-tail/captures/CPAGE1-022-probe.png	cancel-tail/drawings/CPAGE1.dwg	cancel-tail/drawings/CPAGE1.dxf	cancel-tail/drawings/CPAGE1.decoded.txt	DWG parsed
CPAGE2	cancel-tail	cancel-tail/captures/CPAGE2-025-probe.png	cancel-tail/captures/CPAGE2-027-probe.png	cancel-tail/drawings/CPAGE2.dwg	cancel-tail/drawings/CPAGE2.dxf	cancel-tail/drawings/CPAGE2.decoded.txt	DWG parsed
MAXIS	axis	axis/captures/MAXIS-027-probe.png	axis/captures/MAXIS-136-probe.png	axis/drawings/MAXIS.dwg	axis/drawings/MAXIS.dxf	axis/drawings/MAXIS.decoded.txt	DWG parsed
