claim_or_risk	cases	review_artifacts	boundary
idle toggles and spacing	SCIDLE,OCIDLE,SCTWICE,OCTWICE,SCON,OCON	pilot/captures/SCIDLE-025-probe.png;pilot/captures/SCIDLE-027-probe.png;pilot/drawings/SCIDLE.decoded.txt;pilot/captures/OCIDLE-025-probe.png;pilot/captures/OCIDLE-027-probe.png;pilot/drawings/OCIDLE.decoded.txt;controls/captures/SCTWICE-025-probe.png;controls/captures/SCTWICE-032-probe.png;controls/drawings/SCTWICE.decoded.txt;controls/captures/OCTWICE-025-probe.png;controls/captures/OCTWICE-032-probe.png;controls/drawings/OCTWICE.decoded.txt;controls/captures/SCON-033-probe.png;controls/captures/SCON-035-probe.png;controls/drawings/SCON.decoded.txt;controls/captures/OCON-033-probe.png;controls/captures/OCON-035-probe.png;controls/drawings/OCON.decoded.txt	After flags observed in native headers; before flags inferred from matching baselines.
active fractional typed points	FSLINE,FOLINE	controls/captures/FSLINE-029-probe.png;controls/captures/FSLINE-031-probe.png;controls/drawings/FSLINE.decoded.txt;controls/captures/FOLINE-029-probe.png;controls/captures/FOLINE-031-probe.png;controls/drawings/FOLINE.decoded.txt	Same To point prompt and exact typed LINE continuation.
active scalar prompt	SCIRCLE,OCIRCLE	controls/captures/SCIRCLE-029-probe.png;controls/captures/SCIRCLE-031-probe.png;controls/drawings/SCIRCLE.decoded.txt;controls/captures/OCIRCLE-029-probe.png;controls/captures/OCIRCLE-031-probe.png;controls/drawings/OCIRCLE.decoded.txt	Pending center/radius continuation survives controls.
completed vs pending geometry Cancel	CLDONE,CLSTART,CLSEG,CCENTER	pilot/captures/CLDONE-019-probe.png;pilot/captures/CLDONE-021-probe.png;pilot/drawings/CLDONE.decoded.txt;cancel/captures/CLSTART-015-probe.png;cancel/captures/CLSTART-017-probe.png;cancel/drawings/CLSTART.decoded.txt;cancel/captures/CLSEG-017-probe.png;cancel/captures/CLSEG-019-probe.png;cancel/drawings/CLSEG.decoded.txt;cancel/captures/CCENTER-017-probe.png;cancel/captures/CCENTER-019-probe.png;cancel/drawings/CCENTER.decoded.txt	Completed LINE retained; unfinished geometry absent; independent POINT saved.
genuine selected LINE Cancel/Return/GO	CSELECT,CSELBASE,GOBUFSEL	pilot/captures/CSELECT-034-probe.png;pilot/captures/CSELECT-036-probe.png;pilot/drawings/CSELECT.decoded.txt;buffers/captures/CSELBASE-032-probe.png;buffers/captures/CSELBASE-033-probe.png;buffers/drawings/CSELBASE.decoded.txt;buffers/captures/GOBUFSEL-034-probe.png;buffers/captures/GOBUFSEL-036-probe.png;buffers/drawings/GOBUFSEL.decoded.txt	Selection landing proved by matching native Erased LINE in Return and GO controls.
GO submits paced point buffer	GOBUFPNT	buffers/captures/GOBUFPNT-027-probe.png;buffers/captures/GOBUFPNT-029-probe.png;buffers/drawings/GOBUFPNT.decoded.txt	Unreturned 2,3 accepted as LINE anchor; continuation saves segment.
Cancel partial text/selection and pages	CBIDLE,CBPOINT,CBSELECT,CPAGE1,CPAGE2	cancel-tail/captures/CBIDLE-017-probe.png;cancel-tail/captures/CBIDLE-019-probe.png;cancel-tail/drawings/CBIDLE.decoded.txt;cancel-tail/captures/CBPOINT-019-probe.png;cancel-tail/captures/CBPOINT-021-probe.png;cancel-tail/drawings/CBPOINT.decoded.txt;cancel-tail/captures/CBSELECT-019-probe.png;cancel-tail/captures/CBSELECT-021-probe.png;cancel-tail/drawings/CBSELECT.decoded.txt;cancel-tail/captures/CPAGE1-020-probe.png;cancel-tail/captures/CPAGE1-022-probe.png;cancel-tail/drawings/CPAGE1.decoded.txt;cancel-tail/captures/CPAGE2-025-probe.png;cancel-tail/captures/CPAGE2-027-probe.png;cancel-tail/drawings/CPAGE2.decoded.txt	Partial typed selection is distinct from genuine picked selection.
fresh GO vs Return/literal semicolon	GOFRESH,RTFRESH,SEMICOL	go/captures/GOFRESH-011-probe.png;go/captures/GOFRESH-013-probe.png;go/drawings/GOFRESH.decoded.txt;go/captures/RTFRESH-007-probe.png;go/captures/RTFRESH-010-probe.png;go/drawings/RTFRESH.decoded.txt;pilot/captures/SEMICOL-011-probe.png;pilot/captures/SEMICOL-014-probe.png;pilot/drawings/SEMICOL.decoded.txt;pilot/captures/SEMICOL-018-continuation.png	Unknown command reproduced; semicolon buffered before separate Return.
single GO MENU repeat/blank unload vs Cancel	GOIDLE,RETURN,CMENU	pilot/captures/GOIDLE-017-probe.png;pilot/captures/GOIDLE-019-probe.png;pilot/drawings/GOIDLE.decoded.txt;pilot/captures/RETURN-011-probe.png;pilot/captures/RETURN-014-probe.png;pilot/drawings/RETURN.decoded.txt;controls/captures/CMENU-013-probe.png;controls/captures/CMENU-020-probe.png;controls/drawings/CMENU.decoded.txt;pilot/captures/GOIDLE-024-continuation.png;pilot/captures/GOIDLE-026-continuation.png;pilot/captures/GOIDLE-027-cleanup.png;controls/captures/CMENU-018-probe.png	One GO stops at filename; next GO unloads panel; Cancel retains panel.
GO empty active prompts and remembered LINE	GOFIRST,GONEXT,GORADIUS,GOSELECT,GOHIST	go/captures/GOFIRST-015-probe.png;go/captures/GOFIRST-017-probe.png;go/drawings/GOFIRST.decoded.txt;go/captures/GONEXT-017-probe.png;go/captures/GONEXT-019-probe.png;go/drawings/GONEXT.decoded.txt;go/captures/GORADIUS-017-probe.png;go/captures/GORADIUS-019-probe.png;go/drawings/GORADIUS.decoded.txt;go/captures/GOSELECT-023-probe.png;go/captures/GOSELECT-025-probe.png;go/drawings/GOSELECT.decoded.txt;go/captures/GOHIST-019-probe.png;go/captures/GOHIST-021-probe.png;go/drawings/GOHIST.decoded.txt;go/captures/GOFIRST-023-continuation.png;go/captures/GONEXT-023-continuation.png;go/captures/GOFIRST-032-cleanup.png;go/captures/GONEXT-032-cleanup.png	Unknown coordinates did not replace known LINE; cleanup separately logged.
blank-row native landing boundary	BLANKHI,TOPROW	buffers/captures/BLANKHI-024-probe.png;buffers/captures/BLANKHI-026-probe.png;buffers/drawings/BLANKHI.decoded.txt;controls/captures/TOPROW-011-probe.png;controls/captures/TOPROW-012-probe.png;controls/drawings/TOPROW.decoded.txt;buffers/captures/BLANKHI-021-setup.png	024/026 switch Cancel highlight to POINT; pointer mirrored19230,18930; true blank hit unresolved.
positive Snap rounding/order witnesses	MASYM,MAORTHO	constraints/captures/MASYM-050-probe.png;constraints/captures/MASYM-052-probe.png;constraints/drawings/MASYM.decoded.txt;constraints/captures/MAORTHO-034-probe.png;constraints/captures/MAORTHO-036-probe.png;constraints/drawings/MAORTHO.decoded.txt;constraints/captures/MASYM-029-setup.png;constraints/captures/MASYM-071-continuation.png;constraints/captures/MASYM-092-continuation.png	Four matched raw/controlled LINEs; finite candidate discrimination only, ties/origins unproved.
axis metric V,H,V and preview correction	MAXIS	axis/captures/MAXIS-027-probe.png;axis/captures/MAXIS-136-probe.png;axis/drawings/MAXIS.decoded.txt;axis/captures/MAXIS-032-probe.png;axis/captures/MAXIS-051-probe.png;axis/captures/MAXIS-070-probe.png;axis/captures/MAXIS-089-probe.png;axis/captures/MAXIS-108-probe.png;axis/captures/MAXIS-127-probe.png;axis-analysis.tsv	Six LINEs; native snapshots authoritative; overlapping existing entities prevent isolated third-preview claim.
REPEAT Cancel retained prompt and decode failure	CREPEAT	cancel/captures/CREPEAT-019-probe.png;cancel/captures/CREPEAT-021-probe.png;cancel/drawings/CREPEAT.parse-error.txt;cancel/captures/CREPEAT-023-continuation.png;cancel/captures/CREPEAT-025-continuation.png;cancel/captures/CREPEAT-031-continuation.png;cancel/captures/CREPEAT-040-cleanup.png;cancel/drawings/CREPEAT.dxf;cancel/failure.txt;cancel/drawings/CREPEAT.postrun.sha256	Native export success; unmatched REPEAT; no full parsed Header/Items; postrun hashes explicitly labelled.
