case	before_prompt	after_prompt	before_snap_on	after_snap_on	before_spacing	after_spacing	before_ortho	after_ortho	pending_continuation	saved_entities	artifact	certainty
BASEOFF	Command:	Command:	false	false	0.5	0.5	false	false	none	[]	pilot/captures/BASEOFF-024-export.png;pilot/drawings/BASEOFF.decoded.txt	observed PNG after-state; DWG parsed; inferred before-settings from matching baseline; Native baseline snap=false spacing=.5 ortho=false; no geometry.
CLDONE	To point: after 2,3 and 4,5	To point: *Cancel*; Command:	false	false	1.0	1.0	false	false	POINT 8,7 succeeds	[ Entity( OnLayer { layer: 1, entity: Line { start: Point { x: 2.0, y: 3.0, }, end: Point { x: 4.0, y: 5.0, }, }, }, ), Entity( OnLayer { layer: 1, entity: Point { origin: Point { x: 8.0, y: 7.0, }, }, }, ), ]	pilot/captures/CLDONE-019-probe.png;pilot/captures/CLDONE-021-probe.png;pilot/captures/CLDONE-023-continuation.png;pilot/captures/CLDONE-025-continuation.png;pilot/drawings/CLDONE.decoded.txt	observed PNG after-state; DWG parsed; inferred before-settings from matching baseline; Native saved completed LINE and new POINT; no unfinished segment entity.
CSELECT	Select objects or Window or Last: after mouse-pick line	Select objects or Window or Last: *Cancel*; Command:	false	false	1.0	1.0	false	false	POINT 8,7 succeeds	[ Entity( OnLayer { layer: 1, entity: Line { start: Point { x: 1.96078431372554, y: 3.58823529411769, }, end: Point { x: 11.7647058823534, y: 3.58823529411769, }, }, }, ), Entity( OnLayer { layer: 1, entity: Point { origin: Point { x: 8.0, y: 7.0, }, }, }, ), ]	pilot/captures/CSELECT-034-probe.png;pilot/captures/CSELECT-036-probe.png;pilot/captures/CSELECT-038-continuation.png;pilot/captures/CSELECT-040-continuation.png;pilot/drawings/CSELECT.decoded.txt	observed PNG after-state; DWG parsed; inferred before-settings from matching baseline; Native saved original un-erased LINE plus POINT8,7. CSELBASE discriminator completed: the same native pick is erased by physical Return; Cancel retains the un-erased LINE.
GOIDLE	Command: after MENU ACAD	MENU File name:	false	false	1.0	1.0	false	false	move450,130 then second GO submits blank filename and returns Command; panel unloaded	[]	pilot/captures/GOIDLE-017-probe.png;pilot/captures/GOIDLE-019-probe.png;pilot/captures/GOIDLE-021-continuation.png;pilot/captures/GOIDLE-023-continuation.png;pilot/captures/GOIDLE-025-continuation.png;pilot/captures/GOIDLE-026-continuation.png;pilot/drawings/GOIDLE.decoded.txt	observed PNG after-state; DWG parsed; inferred before-settings from matching baseline; First GO after move100,40 repeats MENU; second not another idle comparison. Saved no geometry. Single logical Return supported.
OCIDLE	Command:	Command: <Ortho on>	false	false	0.5	0.5	false	true	none	[]	pilot/captures/OCIDLE-025-probe.png;pilot/captures/OCIDLE-027-probe.png;pilot/drawings/OCIDLE.decoded.txt	observed PNG after-state; DWG parsed; inferred before-settings from matching baseline; Ortho false→true; snap=false spacing=.5 preserved.
RETURN	Command: after MENU ACAD	MENU File name:	false	false	1.0	1.0	false	false	cleanup Ctrl-C returns Command	[]	pilot/captures/RETURN-011-probe.png;pilot/captures/RETURN-014-probe.png;pilot/drawings/RETURN.decoded.txt	observed PNG after-state; DWG parsed; inferred before-settings from matching baseline; Single press/release Return matches first GO, no geometry.
SCIDLE	Command:	Command: <Snap on>	false	true	0.5	0.5	false	false	none	[]	pilot/captures/SCIDLE-025-probe.png;pilot/captures/SCIDLE-027-probe.png;pilot/drawings/SCIDLE.decoded.txt	observed PNG after-state; DWG parsed; inferred before-settings from matching baseline; Snap false→true; spacing .5 preserved; Ortho false.
SEMICOL	Command: after MENU ACAD	Command: ; (no Return yet)	false	false	1.0	1.0	false	false	physical Return submits literal ; → Unknown command. Type ? for list of commands.; Command:	[]	pilot/captures/SEMICOL-011-probe.png;pilot/captures/SEMICOL-014-probe.png;pilot/captures/SEMICOL-016-continuation.png;pilot/captures/SEMICOL-018-continuation.png;pilot/drawings/SEMICOL.decoded.txt	observed PNG after-state; DWG parsed; inferred before-settings from matching baseline; Literal keyboard semicolon differs from GO and bare Return; no geometry.
SLINE	To point:	To point: <Snap on>	false	true	0.5	0.5	false	false	typed 4,5 then Return completes original LINE(2,3→4,5)	[ Entity( OnLayer { layer: 1, entity: Line { start: Point { x: 2.0, y: 3.0, }, end: Point { x: 4.0, y: 5.0, }, }, }, ), ]	pilot/captures/SLINE-029-probe.png;pilot/captures/SLINE-031-probe.png;pilot/captures/SLINE-033-continuation.png;pilot/captures/SLINE-035-continuation.png;pilot/drawings/SLINE.decoded.txt	observed PNG after-state; DWG parsed; inferred before-settings from matching baseline; Snap toggles independently, typed points not snapped.
BLANK1	Command: page1 blank row0, POINT row2 highlighted	POINT Point:	false	false	1.0	1.0	false	false	LINE invalid at POINT prompt;2,3 unknown at Command; second blank reopens POINT Point:;cleanupCtrl-C	[]	go/captures/BLANK1-018-probe.png;go/captures/BLANK1-020-probe.png;go/captures/BLANK1-022-continuation.png;go/captures/BLANK1-024-continuation.png;go/captures/BLANK1-026-continuation.png;go/captures/BLANK1-028-continuation.png;go/captures/BLANK1-029-continuation.png;go/drawings/BLANK1.decoded.txt	observed PNG after-state; DWG parsed; inferred before-settings from matching baseline; The requested top row dispatched highlighted POINT; a true blank-slot hit is uncertified. Native pointer=mirrored600,4 cannot alone establish actual landing. Completed BLANKHI on page 1 excludes a remembered Cancel highlight; native clamp versus inverse mapping remains unresolved. Source continuation did not reach LINE prompt.
BLANK2	Command: page2 blank row0, LIMITS row1 highlighted	LIMITS Old lower left corner X =0.0000 Y =0.0000; Enter new lower left corner or return to leave unchanged:	false	false	1.0	1.0	false	false	LINE invalid at LIMITS lower-left prompt;2,3 unknown at Command; second blank explicitly echoes LIMITS and reopens lower-left prompt;cleanupCtrl-C	[]	go/captures/BLANK2-023-probe.png;go/captures/BLANK2-025-probe.png;go/captures/BLANK2-027-continuation.png;go/captures/BLANK2-029-continuation.png;go/captures/BLANK2-031-continuation.png;go/captures/BLANK2-033-continuation.png;go/captures/BLANK2-034-continuation.png;go/drawings/BLANK2.decoded.txt	observed PNG after-state; DWG parsed; inferred before-settings from matching baseline; Blank top request selects highlighted LIMITS, not GO/no-op; actual landing remains uncertified. Completed BLANKHI excludes remembered-highlight behavior for its page-1 case; page 2 was not independently discriminated, and clamp versus inverse mapping remains unresolved. No claimed activeLINE blank probe.
GOFIRST	LINE From point:	*Invalid*; Command:	false	false	1.0	1.0	false	false	2,3 and4,5 produce unknown commands at Command; later Return reopens LINE From point:, canceled in cleanup	[]	go/captures/GOFIRST-015-probe.png;go/captures/GOFIRST-017-probe.png;go/captures/GOFIRST-019-continuation.png;go/captures/GOFIRST-021-continuation.png;go/captures/GOFIRST-023-continuation.png;go/drawings/GOFIRST.decoded.txt	observed PNG after-state; DWG parsed; inferred before-settings from matching baseline; GO abandons LINE before firstpoint. Continuation intentionally tests loss of point state; cleanupCtrl-C separate. Saved empty expected from observed state, not presumed.
GOFRESH	Command: fresh automatic ACAD menu; no typed history	Unknown command. Type ? for list of commands.; Command:	false	false	1.0	1.0	false	false	move450,130 then second GO repeats same unknown error; no geometry	[]	go/captures/GOFRESH-011-probe.png;go/captures/GOFRESH-013-probe.png;go/captures/GOFRESH-015-continuation.png;go/captures/GOFRESH-017-continuation.png;go/captures/GOFRESH-019-continuation.png;go/captures/GOFRESH-020-continuation.png;go/drawings/GOFRESH.decoded.txt	observed PNG after-state; DWG parsed; inferred before-settings from matching baseline; Replicates prior pagination result. First movement100,40; verified GO row4 highlight. Does not depend on last drawing pointer coordinates.
GOHIST	Command: after completed POINT8,7	POINT Point:	false	false	1.0	1.0	false	false	Ctrl-C; move450,130; GO again opens POINT Point:; cleanupCtrl-C	[ Entity( OnLayer { layer: 1, entity: Point { origin: Point { x: 8.0, y: 7.0, }, }, }, ), ]	go/captures/GOHIST-019-probe.png;go/captures/GOHIST-021-probe.png;go/captures/GOHIST-023-continuation.png;go/captures/GOHIST-025-continuation.png;go/captures/GOHIST-027-continuation.png;go/captures/GOHIST-029-continuation.png;go/captures/GOHIST-031-continuation.png;go/captures/GOHIST-033-continuation.png;go/captures/GOHIST-035-continuation.png;go/captures/GOHIST-036-continuation.png;go/drawings/GOHIST.decoded.txt	observed PNG after-state; DWG parsed; inferred before-settings from matching baseline; One GO repeats POINT without supplying a point, in two different pointer-history locations; no point leak. Native export saves only originalPOINT8,7.
GONEXT	LINE To point: after2,3	Command:	false	false	1.0	1.0	false	false	typed4,5 thenReturn tests original point-state loss; cleanupCtrl-C	[]	go/captures/GONEXT-017-probe.png;go/captures/GONEXT-019-probe.png;go/captures/GONEXT-021-continuation.png;go/captures/GONEXT-023-continuation.png;go/drawings/GONEXT.decoded.txt	observed PNG after-state; DWG parsed; inferred before-settings from matching baseline; GO ends pending LINE with no segment. No coordinate echoed at To point. Native export empty; continuation crop confirms laterReturn reopensLINE.
GORADIUS	CIRCLE Radius (or D): after center2,3	*Invalid*; Command:	false	false	1.0	1.0	false	false	typed1.25 tests scalar-state loss; cleanupCtrl-C	[]	go/captures/GORADIUS-017-probe.png;go/captures/GORADIUS-019-probe.png;go/captures/GORADIUS-021-continuation.png;go/drawings/GORADIUS.decoded.txt	observed PNG after-state; DWG parsed; inferred before-settings from matching baseline; Fresh-radius prompt GO abandons CIRCLE without geometry; no coordinates echoed. Native export empty (no CIRCLE).
GOSELECT	ERASE Select objects or Window or Last: (nothing picked)	Command:	false	false	1.0	1.0	false	false	none; Ctrl-C cleanup at idle	[ Entity( OnLayer { layer: 1, entity: Line { start: Point { x: 2.0, y: 3.0, }, end: Point { x: 4.0, y: 5.0, }, }, }, ), ]	go/captures/GOSELECT-023-probe.png;go/captures/GOSELECT-025-probe.png;go/drawings/GOSELECT.decoded.txt	observed PNG after-state; DWG parsed; inferred before-settings from matching baseline; GO finishes empty selection; seedLINE2,3→4,5 remains. Native export saves exactly originalLINE2,3→4,5 un-erased.
RTFRESH	Command: fresh automatic ACAD menu; no typed history	Unknown command. Type ? for list of commands.; Command:	false	false	1.0	1.0	false	false	none	[]	go/captures/RTFRESH-007-probe.png;go/captures/RTFRESH-010-probe.png;go/drawings/RTFRESH.decoded.txt	observed PNG after-state; DWG parsed; inferred before-settings from matching baseline; Physical Return matches GOFRESH with fresh history. Saved no geometry.
BLANKHI	LINE To point after2,3; hoverCancel then requestblank(600,4), actualPOINT highlight	To point: POINT *Invalid*; Command:	false	false	1.0	1.0	false	false	POINT8,7 succeeds; cleanupCtrl-C idle	[ Entity( OnLayer { layer: 1, entity: Point { origin: Point { x: 8.0, y: 7.0, }, }, }, ), ]	buffers/captures/BLANKHI-024-probe.png;buffers/captures/BLANKHI-026-probe.png;buffers/captures/BLANKHI-028-continuation.png;buffers/captures/BLANKHI-030-continuation.png;buffers/drawings/BLANKHI.decoded.txt	observed PNG after-state; DWG parsed; inferred before-settings from matching baseline; Cancelhighlight-021→POINThighlight-024 rules out remembered selection. Gesture selects first visible entry; native clamp vs pixel inverse range not fully isolated. No true blank-hit/no-op claim. No further blank probes.
CSELBASE	ERASE Select objects or Window or Last: after same pick280,100	1 selected,1 found.; Command:	false	false	1.0	1.0	false	false	native Return accepts selection	[ Erased( OnLayer { layer: 1, entity: Line { start: Point { x: 1.96078431372554, y: 3.58823529411769, }, end: Point { x: 11.7647058823534, y: 3.58823529411769, }, }, }, ), ]	buffers/captures/CSELBASE-032-probe.png;buffers/captures/CSELBASE-033-probe.png;buffers/drawings/CSELBASE.decoded.txt	observed PNG after-state; DWG parsed; inferred before-settings from matching baseline; Native saved Erased(OnLayer LINE1.96078431372554,3.58823529411769→11.7647058823534,3.58823529411769), no live entities. Confirms genuine selection.
GOBUFPNT	LINE From point: 2,3 (paced raw keys, no Return)	LINE To point:	false	false	1.0	1.0	false	false	typed4,5 thenReturn completes original LINE; Ctrl-C cleanup at idle	[ Entity( OnLayer { layer: 1, entity: Line { start: Point { x: 2.0, y: 3.0, }, end: Point { x: 4.0, y: 5.0, }, }, }, ), ]	buffers/captures/GOBUFPNT-027-probe.png;buffers/captures/GOBUFPNT-029-probe.png;buffers/captures/GOBUFPNT-031-continuation.png;buffers/captures/GOBUFPNT-033-continuation.png;buffers/drawings/GOBUFPNT.decoded.txt	observed PNG after-state; DWG parsed; inferred before-settings from matching baseline; NativeDWG saves LINE2,3→4,5 exactly. GO submits buffered text once; does not prematurely terminate LINE.
GOBUFSEL	ERASE Select objects or Window or Last: genuine same picked line	1 selected,1 found.; Command:	false	false	1.0	1.0	false	false	POINT8,7 after GO tests clean command state	[ Erased( OnLayer { layer: 1, entity: Line { start: Point { x: 1.96078431372554, y: 3.58823529411769, }, end: Point { x: 11.7647058823534, y: 3.58823529411769, }, }, }, ), Entity( OnLayer { layer: 1, entity: Point { origin: Point { x: 8.0, y: 7.0, }, }, }, ), ]	buffers/captures/GOBUFSEL-034-probe.png;buffers/captures/GOBUFSEL-036-probe.png;buffers/captures/GOBUFSEL-038-continuation.png;buffers/captures/GOBUFSEL-040-continuation.png;buffers/drawings/GOBUFSEL.decoded.txt	observed PNG after-state; DWG parsed; inferred before-settings from matching baseline; GO accepts genuine pending selection; nativeDWG Erased(originalLINE)+POINT8,7, matching baselineReturn erasure. Empty App buffer must not be substituted for actual pending native selection.
BASEON	Command: typed SNAP0.5;SNAPON;ORTHOON	Command:	true	true	0.5	0.5	true	true	none	[]	controls/captures/BASEON-032-export.png;controls/drawings/BASEON.decoded.txt	observed PNG after-state; DWG parsed; inferred before-settings from matching baseline; Native baseline snap=true spacing=.5 ortho=true empty.
CMENU	MENU File name: after single GO	MENU File name: *Cancel*; Command:; panel retained	false	false	1.0	1.0	false	false	POINT8,7 starts cleanly after Cancel	[ Entity( OnLayer { layer: 1, entity: Point { origin: Point { x: 8.0, y: 7.0, }, }, }, ), ]	controls/captures/CMENU-015-probe.png;controls/captures/CMENU-020-probe.png;controls/captures/CMENU-022-continuation.png;controls/captures/CMENU-024-continuation.png;controls/drawings/CMENU.decoded.txt	observed PNG after-state; DWG parsed; inferred before-settings from matching baseline; Saved only POINT8,7, defaultflags. Cancel filename prompt retains ACAD panel, distinct from blank/secondGO which unloads it.
FOLINE	LINE To point after off-grid typed anchor2.1,3.15	To point: <Ortho on>	false	false	0.5	0.5	false	true	typed4.25,5.15 then Return completes original LINE	[ Entity( OnLayer { layer: 1, entity: Line { start: Point { x: 2.1, y: 3.15, }, end: Point { x: 4.25, y: 5.15, }, }, }, ), ]	controls/captures/FOLINE-029-probe.png;controls/captures/FOLINE-031-probe.png;controls/captures/FOLINE-033-continuation.png;controls/captures/FOLINE-035-continuation.png;controls/drawings/FOLINE.decoded.txt	observed PNG after-state; DWG parsed; inferred before-settings from matching baseline; Native export LINE2.1,3.15→4.25,5.15 unchanged, snapfalse .5 orthotrue. Typed coordinates bypass ortho in this case.
FSLINE	LINE To point after off-grid typed anchor2.1,3.15	To point: <Snap on>	false	true	0.5	0.5	false	false	typed4.25,5.15 then Return completes original LINE	[ Entity( OnLayer { layer: 1, entity: Line { start: Point { x: 2.1, y: 3.15, }, end: Point { x: 4.25, y: 5.15, }, }, }, ), ]	controls/captures/FSLINE-029-probe.png;controls/captures/FSLINE-031-probe.png;controls/captures/FSLINE-033-continuation.png;controls/captures/FSLINE-035-continuation.png;controls/drawings/FSLINE.decoded.txt	observed PNG after-state; DWG parsed; inferred before-settings from matching baseline; Native export LINE2.1,3.15→4.25,5.15 unchanged, snaptrue .5 orthofalse. Typed coordinates bypass snap in this case.
M00	LINE To point after2,3; mouse250,90 title6.1275,4.1765	LINE To point: (mouse point accepted)	false	false	0.5	0.5	false	false	Return completes LINE; Command:	[ Entity( OnLayer { layer: 1, entity: Line { start: Point { x: 2.0, y: 3.0, }, end: Point { x: 6.1274509803922, y: 4.17647058823534, }, }, }, ), ]	controls/captures/M00-029-probe.png;controls/captures/M00-031-probe.png;controls/captures/M00-033-continuation.png;controls/drawings/M00.decoded.txt	observed PNG after-state; DWG parsed; inferred before-settings from matching baseline; Unsnapped reference pixel250,90 device/pointer8010,9700. Native LINE2,3→6.1274509803922,4.17647058823534; raw point/crosshair preserved029.
M01	LINE To point after2,3; mouse250,90 raw title6.1275,4.1765	LINE To point: (mouse point accepted)	false	false	0.5	0.5	true	true	Return completes LINE; Command:	[ Entity( OnLayer { layer: 1, entity: Line { start: Point { x: 2.0, y: 3.0, }, end: Point { x: 6.1274509803922, y: 3.00000000000005, }, }, }, ), ]	controls/captures/M01-034-probe.png;controls/captures/M01-036-probe.png;controls/captures/M01-038-continuation.png;controls/drawings/M01.decoded.txt	observed PNG after-state; DWG parsed; inferred before-settings from matching baseline; SavedLINE2,3→6.1274509803922,3.00000000000005, snapfalse.5 orthotrue. Raw title/crosshair stay6.1275,4.1765; rubberband horizontal at anchor y3. Same8010,9700 device/pointer asM00.
M10	LINE To point after2,3; mouse250,90 title6.0000,4.0000	LINE To point: (mouse point accepted)	true	true	0.5	0.5	false	false	Return completes LINE; Command:	[ Entity( OnLayer { layer: 1, entity: Line { start: Point { x: 2.0, y: 3.0, }, end: Point { x: 6.000000000000041, y: 4.00000000000004, }, }, }, ), ]	controls/captures/M10-034-probe.png;controls/captures/M10-036-probe.png;controls/captures/M10-038-continuation.png;controls/drawings/M10.decoded.txt	observed PNG after-state; DWG parsed; inferred before-settings from matching baseline; Saved LINE2,3→6.000000000000041,4.00000000000004, snaptrue.5 orthofalse. Same8010,9700 device/pointer as M00. Nearest/floor both match this lower-half raw point; no rounding inference.
M11	LINE To point after2,3; mouse250,90 snapped title6.0000,4.0000	LINE To point: (mouse point accepted)	true	true	0.5	0.5	true	true	Return completes LINE; Command:	[ Entity( OnLayer { layer: 1, entity: Line { start: Point { x: 2.0, y: 3.0, }, end: Point { x: 6.000000000000041, y: 3.00000000000005, }, }, }, ), ]	controls/captures/M11-039-probe.png;controls/captures/M11-041-probe.png;controls/captures/M11-043-continuation.png;controls/drawings/M11.decoded.txt	observed PNG after-state; DWG parsed; inferred before-settings from matching baseline; SavedLINE2,3→6.000000000000041,3.00000000000005, snaptrue.5 orthotrue. Snap moves visible crosshair/coordinate to6,4; Ortho projects saved/rubberband y3. Grid-aligned anchor alone leaves order ambiguous.
OCIRCLE	CIRCLE Radius(or D): after center2,3	Radius(or D): <Ortho on>	false	false	0.5	0.5	false	true	typed1.25 succeeds; Command:	[ Entity( OnLayer { layer: 1, entity: Circle { center: Point { x: 2.0, y: 3.0, }, radius: 1.25, }, }, ), ]	controls/captures/OCIRCLE-029-probe.png;controls/captures/OCIRCLE-031-probe.png;controls/captures/OCIRCLE-033-continuation.png;controls/drawings/OCIRCLE.decoded.txt	observed PNG after-state; DWG parsed; inferred before-settings from matching baseline; Saved CIRCLE center2,3 radius1.25, snapfalse.5 orthotrue. Pending scalar and geometry survive independent toggle.
OCON	Command: nativeBASEON settings	Command: <Ortho off>	true	true	0.5	0.5	true	false	none	[]	controls/captures/OCON-033-probe.png;controls/captures/OCON-035-probe.png;controls/drawings/OCON.decoded.txt	observed PNG after-state; DWG parsed; inferred before-settings from matching baseline; Native export snaptrue spacing.5 orthofalse empty; toggles Ortho fromON independently.
OCTWICE	Command: snapoff spacing.5 orthooff	Command: <Ortho on> <Ortho off>	false	false	0.5	0.5	false	false	none	[]	controls/captures/OCTWICE-025-probe.png;controls/captures/OCTWICE-032-probe.png;controls/drawings/OCTWICE.decoded.txt	observed PNG after-state; DWG parsed; inferred before-settings from matching baseline; Nativeexport snap=false spacing=.5 ortho=false empty; two independent togglesON/OFF.
SCIRCLE	CIRCLE Radius(or D): after center2,3	Radius(or D): <Snap on>	false	true	0.5	0.5	false	false	typed1.25 succeeds; Command:	[ Entity( OnLayer { layer: 1, entity: Circle { center: Point { x: 2.0, y: 3.0, }, radius: 1.25, }, }, ), ]	controls/captures/SCIRCLE-029-probe.png;controls/captures/SCIRCLE-031-probe.png;controls/captures/SCIRCLE-033-continuation.png;controls/drawings/SCIRCLE.decoded.txt	observed PNG after-state; DWG parsed; inferred before-settings from matching baseline; Saved CIRCLE center2,3 radius1.25, snaptrue.5 orthofalse. Pending scalar and geometry survive independent toggle.
SCON	Command: nativeBASEON settings	Command: <Snap off>	true	false	0.5	0.5	true	true	none	[]	controls/captures/SCON-033-probe.png;controls/captures/SCON-035-probe.png;controls/drawings/SCON.decoded.txt	observed PNG after-state; DWG parsed; inferred before-settings from matching baseline; Nativeexport snap=false spacing=.5 ortho=true empty; togglesSnapfromON toOFF without altering Ortho.
SCTWICE	Command: snapoff spacing.5 orthooff	Command: <Snap on> <Snap off>	false	false	0.5	0.5	false	false	none	[]	controls/captures/SCTWICE-025-probe.png;controls/captures/SCTWICE-032-probe.png;controls/drawings/SCTWICE.decoded.txt	observed PNG after-state; DWG parsed; inferred before-settings from matching baseline; Native export snap=false spacing=.5 ortho=false, no geometry; two clickstoggleon/off.
TOPROW	Command:	Command: (no drawing crosshair at native250,4 header request)	false	false	1.0	1.0	false	false	none	[]	controls/captures/TOPROW-011-probe.png;controls/captures/TOPROW-012-probe.png;controls/drawings/TOPROW.decoded.txt	observed PNG after-state; DWG parsed; inferred before-settings from matching baseline; Mirrored/device8010,18930. Raw frame shows no top-header crosshair; cannot certify point inverseoutsideexisting8..161 unit range. GO landings separately visually verified. Default exportfalse1.0,false empty.
MAORTHO	LINE To point after2.1,3.15; OrthoON SnapOFF; mouse250,90 rawtitle6.1275,4.1765	LINE To point: (mouse point accepted)	false	false	0.5	0.5	true	true	Return completes LINE; Command:	[ Entity( OnLayer { layer: 1, entity: Line { start: Point { x: 2.1, y: 3.15, }, end: Point { x: 6.1274509803922, y: 3.15000000000005, }, }, }, ), ]	constraints/captures/MAORTHO-034-probe.png;constraints/captures/MAORTHO-036-probe.png;constraints/captures/MAORTHO-038-continuation.png;constraints/drawings/MAORTHO.decoded.txt	observed PNG after-state; DWG parsed; inferred before-settings from matching baseline; SavedLINE2.1,3.15→6.1274509803922,3.15000000000005, snapfalse.5 orthotrue. Same raw pixel asM00 with off-grid anchor. Horizontal locked component preserved.
MASYM	LINE To point after off-grid anchor2.1,3.15; bothON after controlsOFF reference	LINE To point: after constrained horizontal mouse260,85	true	true	0.5	0.5	true	true	Return; bothOFF vertical raw reference5.1,.2→260,85; new anchor entered SnapOFF; bothON same260,85; Return	[ Entity( OnLayer { layer: 1, entity: Line { start: Point { x: 2.1, y: 3.15, }, end: Point { x: 6.37254901960789, y: 4.47058823529416, }, }, }, ), Entity( OnLayer { layer: 1, entity: Line { start: Point { x: 2.1, y: 3.15, }, end: Point { x: 6.500000000000041, y: 3.15000000000005, }, }, }, ), Entity( OnLayer { layer: 1, entity: Line { start: Point { x: 5.1, y: 0.2, }, end: Point { x: 6.37254901960789, y: 4.47058823529416, }, }, }, ), Entity( OnLayer { layer: 1, entity: Line { start: Point { x: 5.1, y: 0.2, }, end: Point { x: 5.10000000000004, y: 4.50000000000004, }, }, }, ), ]	constraints/captures/MASYM-050-probe.png;constraints/captures/MASYM-052-probe.png;constraints/captures/MASYM-054-continuation.png;constraints/captures/MASYM-056-continuation.png;constraints/captures/MASYM-058-continuation.png;constraints/captures/MASYM-059-continuation.png;constraints/captures/MASYM-061-continuation.png;constraints/captures/MASYM-063-continuation.png;constraints/captures/MASYM-064-continuation.png;constraints/captures/MASYM-066-continuation.png;constraints/captures/MASYM-068-continuation.png;constraints/captures/MASYM-070-continuation.png;constraints/captures/MASYM-072-continuation.png;constraints/captures/MASYM-073-continuation.png;constraints/captures/MASYM-075-continuation.png;constraints/captures/MASYM-077-continuation.png;constraints/captures/MASYM-079-continuation.png;constraints/captures/MASYM-081-continuation.png;constraints/captures/MASYM-083-continuation.png;constraints/captures/MASYM-084-continuation.png;constraints/captures/MASYM-086-continuation.png;constraints/captures/MASYM-088-continuation.png;constraints/captures/MASYM-089-continuation.png;constraints/captures/MASYM-091-continuation.png;constraints/captures/MASYM-093-continuation.png;constraints/captures/MASYM-094-continuation.png;constraints/captures/MASYM-096-continuation.png;constraints/drawings/MASYM.decoded.txt	observed PNG after-state; DWG parsed; inferred before-settings from matching baseline; Four nativeLINEs: raw6.37254901960789,4.47058823529416; horizontal controlled6.500000000000041,3.15000000000005; same raw vertical; vertical controlled5.10000000000004,4.50000000000004. Positive upper-half rounding differs floor; off-grid locked components differ Ortho-then-globalSnap. Compatible Snap-then-Ortho in these witnesses; ties/negative/arbitrary spacing/origin not proved.
CCENTER	CIRCLE Radius(or D): after center2,3	Radius(or D): *Cancel*; Command:	false	false	1.0	1.0	false	false	POINT8,7 succeeds; Command:	[ Entity( OnLayer { layer: 1, entity: Point { origin: Point { x: 8.0, y: 7.0, }, }, }, ), ]	cancel/captures/CCENTER-017-probe.png;cancel/captures/CCENTER-019-probe.png;cancel/captures/CCENTER-021-continuation.png;cancel/captures/CCENTER-023-continuation.png;cancel/drawings/CCENTER.decoded.txt	observed PNG after-state; DWG parsed; inferred before-settings from matching baseline; Pending center discarded; no CIRCLE, clean independent POINT native export linked after completion.
CIDLE	Command:	Command: *Cancel*; Command:	false	false	1.0	1.0	false	false	POINT8,7 succeeds; Command:	[ Entity( OnLayer { layer: 1, entity: Point { origin: Point { x: 8.0, y: 7.0, }, }, }, ), ]	cancel/captures/CIDLE-013-probe.png;cancel/captures/CIDLE-015-probe.png;cancel/captures/CIDLE-017-continuation.png;cancel/captures/CIDLE-019-continuation.png;cancel/drawings/CIDLE.decoded.txt	observed PNG after-state; DWG parsed; inferred before-settings from matching baseline; Idle Cancel retains menu and returns clean Command; native export linked.
CLSEG	LINE To point: after2,3	To point: *Cancel*; Command:	false	false	1.0	1.0	false	false	POINT8,7 succeeds; Command:	[ Entity( OnLayer { layer: 1, entity: Point { origin: Point { x: 8.0, y: 7.0, }, }, }, ), ]	cancel/captures/CLSEG-017-probe.png;cancel/captures/CLSEG-019-probe.png;cancel/captures/CLSEG-021-continuation.png;cancel/captures/CLSEG-023-continuation.png;cancel/drawings/CLSEG.decoded.txt	observed PNG after-state; DWG parsed; inferred before-settings from matching baseline; No completed segment beforeCancel; pending first anchor discarded; independent POINT saved, native export linked after completion.
CLSTART	LINE From point:	From point: *Cancel*; Command:	false	false	1.0	1.0	false	false	POINT8,7 succeeds; Command:	[ Entity( OnLayer { layer: 1, entity: Point { origin: Point { x: 8.0, y: 7.0, }, }, }, ), ]	cancel/captures/CLSTART-015-probe.png;cancel/captures/CLSTART-017-probe.png;cancel/captures/CLSTART-019-continuation.png;cancel/captures/CLSTART-021-continuation.png;cancel/drawings/CLSTART.decoded.txt	observed PNG after-state; DWG parsed; inferred before-settings from matching baseline; Cancel clears LINE first-point state, no LINE created; native export linked after completion.
CREPEAT	Command: after REPEAT and completed POINT4,5	Command: *Cancel*; Command:	false	false	1.0	1.000000	false	false	ENDREP opens Number of columns; REPEAT is invalid numeric answer, Command; POINT6,5 succeeds; secondENDREP again Number of columns	NativeDXF: REPEAT opener; POINT4,5; POINT6,5; no ENDREP. Full DWG Header/Items unavailable.	cancel/captures/CREPEAT-019-probe.png;cancel/captures/CREPEAT-021-probe.png;cancel/captures/CREPEAT-023-continuation.png;cancel/captures/CREPEAT-025-continuation.png;cancel/captures/CREPEAT-027-continuation.png;cancel/captures/CREPEAT-029-continuation.png;cancel/captures/CREPEAT-031-continuation.png;cancel/drawings/CREPEAT.parse-error.txt	observed PNG after-state; DWG parse failed: unmatched REPEAT; flags from native DXF MODE records; inferred before-settings from matching baseline; Ctrl-C cleanup at active Number of columns returnsCommand. New REPEAT neverstarts. NativeDXF retains REPEAT opener+POINT4,5+POINT6,5 withoutENDREP; fullDWG Header/Items unavailable: parse fails unmatchedREPEAT at0x202. Native export succeeded; offline postrun hashes explicitly labelled.
CBIDLE	Command: p (paced key, no Return)	Command: p*Cancel*; Command:	false	false	1.0	1.0	false	false	POINT8,7 succeeds without p prefix; Command:	[ Entity( OnLayer { layer: 1, entity: Point { origin: Point { x: 8.0, y: 7.0, }, }, }, ), ]	cancel-tail/captures/CBIDLE-017-probe.png;cancel-tail/captures/CBIDLE-019-probe.png;cancel-tail/captures/CBIDLE-021-continuation.png;cancel-tail/captures/CBIDLE-023-continuation.png;cancel-tail/drawings/CBIDLE.decoded.txt	observed PNG after-state; DWG parsed; inferred before-settings from matching baseline; Unsubmitted idle text cleared separately from command cancellation; saves independent POINT8,7.
CBPOINT	LINE From point: 2 (paced key,no Return)	From point: 2*Cancel*; Command:	false	false	1.0	1.0	false	false	POINT8,7 succeeds with no2 prefix; Command:	[ Entity( OnLayer { layer: 1, entity: Point { origin: Point { x: 8.0, y: 7.0, }, }, }, ), ]	cancel-tail/captures/CBPOINT-019-probe.png;cancel-tail/captures/CBPOINT-021-probe.png;cancel-tail/captures/CBPOINT-023-continuation.png;cancel-tail/captures/CBPOINT-025-continuation.png;cancel-tail/drawings/CBPOINT.decoded.txt	observed PNG after-state; DWG parsed; inferred before-settings from matching baseline; Partial coordinate text and LINE input state cleared; independent POINT saved, no LINE.
CBSELECT	ERASE Select objects or Window or Last: 1 (paced key,no Return)	Select objects or Window or Last: 1*Cancel*; Command:	false	false	1.0	1.0	false	false	POINT8,7 succeeds without stale selection prefix; Command:	[ Entity( OnLayer { layer: 1, entity: Point { origin: Point { x: 8.0, y: 7.0, }, }, }, ), ]	cancel-tail/captures/CBSELECT-019-probe.png;cancel-tail/captures/CBSELECT-021-probe.png;cancel-tail/captures/CBSELECT-023-continuation.png;cancel-tail/captures/CBSELECT-025-continuation.png;cancel-tail/drawings/CBSELECT.decoded.txt	observed PNG after-state; DWG parsed; inferred before-settings from matching baseline; Partial typed selection text cleared; this is not a genuine pick (CSELECT/CSELBASE separately establish that). Native saves only independent POINT8,7.
CPAGE1	Page1 LINE From point:	From point: *Cancel*; Command:; page1 retained	false	false	1.0	1.0	false	false	POINT8,7 succeeds; Command:; samepage	[ Entity( OnLayer { layer: 1, entity: Point { origin: Point { x: 8.0, y: 7.0, }, }, }, ), ]	cancel-tail/captures/CPAGE1-020-probe.png;cancel-tail/captures/CPAGE1-022-probe.png;cancel-tail/captures/CPAGE1-024-continuation.png;cancel-tail/captures/CPAGE1-026-continuation.png;cancel-tail/drawings/CPAGE1.decoded.txt	observed PNG after-state; DWG parsed; inferred before-settings from matching baseline; ActualCancel row19/native156 visibly highlighted; native only POINT8,7, no LINE. Does not navigate/unload.
CPAGE2	Page2 LINE From point:	From point: *Cancel*; Command:; page2 retained	false	false	1.0	1.0	false	false	POINT8,7 succeeds; Command:; samepage	[ Entity( OnLayer { layer: 1, entity: Point { origin: Point { x: 8.0, y: 7.0, }, }, }, ), ]	cancel-tail/captures/CPAGE2-025-probe.png;cancel-tail/captures/CPAGE2-027-probe.png;cancel-tail/captures/CPAGE2-029-continuation.png;cancel-tail/captures/CPAGE2-031-continuation.png;cancel-tail/drawings/CPAGE2.decoded.txt	observed PNG after-state; DWG parsed; inferred before-settings from matching baseline; ActualCancel row19/native156 visibly highlighted; native only POINT8,7, no LINE. Does not navigate/unload.
MAXIS	Three matched raw/control LINE pairs; SnapOFF .5; anchors mouse200,100 before OrthoON	Each matched continuation accepts endpoint; final Command: <Ortho off>	false	false	0.5	0.5	false	false	Rows60,79,74; each raw controlsOFF; matched anchor controlsOFF thenOrthoON, same endpoint, Return, restoreOFF	[ Entity( OnLayer { layer: 1, entity: Line { start: Point { x: 4.901960784313769, y: 3.58823529411769, }, end: Point { x: 6.37254901960789, y: 5.94117647058828, }, }, }, ), Entity( OnLayer { layer: 1, entity: Line { start: Point { x: 4.901960784313769, y: 3.58823529411769, }, end: Point { x: 4.901960784313809, y: 5.94117647058828, }, }, }, ), Entity( OnLayer { layer: 1, entity: Line { start: Point { x: 4.901960784313769, y: 3.58823529411769, }, end: Point { x: 6.37254901960789, y: 4.82352941176475, }, }, }, ), Entity( OnLayer { layer: 1, entity: Line { start: Point { x: 4.901960784313769, y: 3.58823529411769, }, end: Point { x: 6.37254901960789, y: 3.5882352941177404, }, }, }, ), Entity( OnLayer { layer: 1, entity: Line { start: Point { x: 4.901960784313769, y: 3.58823529411769, }, end: Point { x: 6.37254901960789, y: 5.117647058823571, }, }, }, ), Entity( OnLayer { layer: 1, entity: Line { start: Point { x: 4.901960784313769, y: 3.58823529411769, }, end: Point { x: 4.901960784313809, y: 5.117647058823571, }, }, }, ), ]	axis/captures/MAXIS-027-probe.png;axis/captures/MAXIS-136-probe.png;axis/drawings/MAXIS.decoded.txt	observed PNG after-state; DWG parsed; inferred before-settings from matching baseline; Native6LINEs establishV,H,V with identical starts4.901960784313769,3.58823529411769. Actual world-delta candidateV,H,V; nativepixelH,H,H; driverV,V,V; doubledPNG V,H,H. Final limits/base/view matchBASEOFF; headerfalse.5,false. Supports world candidate over these3 alternatives for this view/path, not total axis algorithm/ties. Overlapping priorH/Ventities prevented isolated third preview-orientation claim; saved geometry controls conclusion.
